framheves,framheva,0.7777777777777778
filmes,filma,0.7142857142857143
partilederens,partileiaren,0.7777777777777778
menneskenes,menneska,1.0
ntb-afp-reuters,npk-ntb-afp-reuters,0.7777777777777778
tilbakeføres,tilbake,0.6470588235294118
dagenes,dagane,1.0
droppes,droppa,0.625
alexandras,ingrid,1.0
grunnløs,grunnlaus,1.0
oppnås,oppnådd,0.5333333333333333
innendørs,innandørs,0.9709677419354839
mistenkes,mistenkt,0.6457142857142857
coronavirus,koronavirus,0.6111111111111112
utslippsjuks,utsleppsjuks,0.7777777777777778
kvalitetssikres,kvalitetssikrast,0.9090909090909091
tross,trass,0.811981234211476
understrekes,understreka,0.8068181818181818
forbrukertilsynets,forbrukartilsynets,0.7692307692307693
forseres,forserast,0.5714285714285714
rederiets,reiarlaget,0.7368421052631579
frøs,fraus,0.8421052631578947
dumpes,dumpa,0.5384615384615384
beskyldes,skulda,0.9411764705882353
hverdags,kvardags,0.875
hjelpeorganisasjonens,seier,1.0
respektløs,respektlaus,0.875
organisasjoners,frivillige,0.8333333333333334
skuespillerpris,skodespelarpris,0.75
dronningens,dronninga,0.6190476190476191
reverseres,reverserast,0.5666666666666667
hovedstadens,hovudstaden,0.7575757575757576
bevares,bevarast,0.6538461538461539
likebehandles,likt,0.6
månedspris,månadspris,1.0
trues,trua,0.9256198347107438
omfordeles,bli,0.75
tidløs,tidlaus,0.8888888888888888
antakeligvis,sannsynlegvis,0.84375
ntb-linus,npk-ntb,0.7419354838709677
ryddes,opp,0.7368421052631579
vedlikeholdes,ved,0.75
svindles,svindla,0.6666666666666666
beordres,beordra,0.75
automatiseres,automatiserast,0.7777777777777778
stelles,stellast,0.8
vises,vist,0.5958188153310104
krisens,krisa,1.0
fantes,fanst,0.8878504672897196
sjanseløs,sjanselaus,0.9761904761904762
nulles,ut,0.7333333333333333
stemples,stempla,0.6666666666666666
kobles,kopla,0.5344827586206896
balanseres,balanserast,0.6875
utforskes,utforska,0.5714285714285714
utlendingers,utlendingar,0.8571428571428571
borgerliges,borgarlege,0.6666666666666666
vaskes,vaskast,0.64
nedgraderes,nedgradert,0.75
sønnens,sonen,0.875
oppgis,oppgitt,0.691358024691358
fagbevegelsens,fagrørsla,1.0
brennevinsleverandørenes,vin-,0.875
transporteres,transporterast,0.5263157894736842
unngås,unngåast,0.5783132530120482
tilbakevises,tilbakevist,1.0
markeres,markert,0.5806451612903226
fanges,fanga,0.7068965517241379
halveres,halverast,0.56
avtales,avtalast,0.7333333333333333
energidepartementets,olje-,1.0
fremdeles,framleis,0.9852607709750567
wallins,virtanen,1.0
hoppes,hoppast,0.75
soldatenes,soldatane,0.8
innledningsvis,innleiingsvis,0.9529411764705882
rengjøres,reingjerast,0.625
myndighetens,styresmakta,0.5454545454545454
blandes,blanda,0.7
myndigheters,styresmakter,0.5833333333333334
ålegress,ålegras,1.0
sas-flygeres,norske,1.0
fylkenes,fylka,0.9090909090909091
bankenes,bankane,0.717391304347826
abortlovens,c,0.8571428571428571
rapperens,rapparen,0.8888888888888888
nedlegges,ned,0.5714285714285714
pasientenes,pasientane,0.9130434782608695
kalles,kalla,0.5600858369098712
raseres,raserte,0.6
avdukes,avdukast,0.7
oppjusteres,opp,0.8
innkalles,innkalla,0.5384615384615384
realiseres,realiserast,0.5405405405405406
foreningens,foreininga,0.782608695652174
omdannes,omdanna,0.7142857142857143
høyesteretts,høgsteretts,0.7052631578947368
brukes,brukast,0.5351059410054009
mobiliseres,mobiliserast,0.7692307692307693
våres,vår,0.68
tyskernes,tyskarane,0.7777777777777778
titalls,titals,0.9568106312292359
mykes,opp,0.75
sykepleierforbunds,sjukepleiarforbundets,0.7142857142857143
innskrenkes,innskrenka,0.8333333333333334
plukkes,plukka,0.6111111111111112
ofrenes,offera,0.9333333333333333
favoriseres,favorisert,0.8333333333333334
britenes,britiske,0.6555555555555556
virksomhetens,verksemda,0.8888888888888888
mesterligaens,meisterligaen,0.7857142857142857
statsforvalterens,statsforvaltarens,1.0
rigges,rigga,0.5714285714285714
respekteres,respekterast,0.5909090909090909
verdensbasis,verdsbasis,0.9545454545454546
nedsettes,ned,0.75
deles,ut,0.6627318718381113
opprørernes,opprørarane,1.0
markedets,marknaden,0.8888888888888888
belastes,belasta,0.5714285714285714
rødts,raudts,0.8053691275167785
gjengs,oppfatninga,0.6
egners,thorbjørn,0.8333333333333334
vrakes,vraka,0.7142857142857143
håndballforbundets,handballforbundet,0.6666666666666666
hovedfokus,hovudfokus,0.8947368421052632
restaureres,restaurerast,0.8
virksomhetenes,verksemdene,0.75
snevres,meir,0.8
gress,gras,0.9621212121212122
deres,deira,0.927060986821943
nav-ansattes,nav-tilsette,1.0
heyerdahls,thor,0.75
forsterkes,forsterka,0.6133333333333333
analytikernes,analytikarane,0.8888888888888888
skjermes,skjermast,0.5625
kategoriseres,kategorisert,0.5714285714285714
forkastes,forkasta,0.6153846153846154
bondelags,norges,1.0
medaljeseilas,medaljeseglas,1.0
skjerpes,skjerpa,0.589041095890411
spekuleres,spekulert,0.85
lagabøtes,magnus,1.0
fikses,fiksast,1.0
leveres,leverast,0.5902255639097744
klassifiseres,klassifiserte,0.5945945945945946
helseforetakets,helseføretaket,0.7777777777777778
lastes,lastast,0.6530612244897959
håndballjentenes,handballjentene,0.8
halvveis,halvvegs,0.8396946564885496
regnes,rekna,0.8052325581395349
kortes,ned,1.0
defineres,definert,0.536
statsrådenes,statsrådane,1.0
varmes,opp,0.6060606060606061
konstateres,konstatert,0.5454545454545454
hederskors,forsvarets,0.75
skolebuss,skulebuss,0.9333333333333333
delstatenes,delstatane,1.0
trengs,trengst,0.9653937947494033
jevnes,ut,1.0
båtførerbevis,båtførarbevis,0.8333333333333334
konstrueres,konstruerast,0.75
verdensarvstatus,verdsarvstatus,0.8
hundenes,hundane,1.0
morens,mora,0.9090909090909091
oppdages,oppdaga,0.9090909090909091
markedsføringslovens,marknadsføringslova,1.0
vaksineringsinnsats,vaksinasjonsinnsats,0.75
underbygges,kan,0.5714285714285714
hvis,viss,0.7593603249143293
markedsplass,marknadsplass,0.8
værs,vêrs,0.9393939393939394
rehabiliteres,rehabiliterast,1.0
regjeringens,regjeringa,0.6349448039588884
asylsøkerbevis,asylsøkjarbevis,1.0
etterlattes,etterlatne,0.6666666666666666
slåss,slåst,0.9693877551020408
moderniseres,moderniserast,0.5833333333333334
bolts,usain,1.0
obduseres,obduserast,0.8148148148148148
tvinges,tvinga,0.6024096385542169
tegnes,teikna,0.7916666666666666
konverteres,konverterast,0.6
straffes,straffast,0.6512455516014235
tilsettes,tilsett,0.6363636363636364
bores,borast,0.7894736842105263
krets,krins,0.56
boligkompleks,bustadkompleks,1.0
rikskringkastingens,rikskringkastinga,0.6
skytes,skytast,0.6052631578947368
finnes,finst,0.8974117647058824
revurderes,revurderast,0.8260869565217391
fastholdes,fast,1.0
synges,syngjast,0.5454545454545454
utnyttes,utnytta,0.5131578947368421
forskes,forskast,0.5555555555555556
gangs,gongs,0.6842105263157895
spres,spreidd,0.6354166666666666
skoleplass,skuleplass,1.0
heves,heva,0.5172413793103449
syndes,synda,1.0
distribueres,distribuerast,0.59375
klubbenes,klubbane,0.8571428571428571
arbeidsgivernes,arbeidsgjevarane,0.5714285714285714
utenlands,utanlands,0.990909090909091
etableres,etablerast,0.55
sakkyndiges,sakkunnige,0.8571428571428571
politikernes,politikarane,0.8666666666666667
inspiseres,inspiserast,1.0
sykepleiernes,sjukepleiarane,0.75
ledes,leidd,0.6148867313915858
administreres,administrert,0.7058823529411765
tigray-folkets,tplf,0.9318181818181818
turneringens,turneringa,0.75
morgendagens,morgondagens,0.5405405405405406
tilføres,tilført,0.7333333333333333
nasjonalforsamlingens,nasjonalforsamlinga,1.0
læreres,lærarar,0.8333333333333334
friskmeldes,friskmeldast,0.5714285714285714
veitrafikkens,opplysningsrådet,1.0
hverandres,kvarandre,0.6666666666666666
foreslås,foreslått,0.7534883720930232
arbeidsmiljølovens,arbeidsmiljølova,0.7
fristes,freista,1.0
suppleres,supplerast,0.5384615384615384
gjenspeiles,spegla,0.5370370370370371
tillegges,vekt,0.8387096774193549
leges,kan,0.6666666666666666
milos,mlos,0.625
lokkes,lokka,0.7692307692307693
regjeringsstyrkenes,regjeringsstyrkane,1.0
særdeles,særs,0.631578947368421
fullføres,fullførast,0.6666666666666666
leies,ut,0.6538461538461539
universitetets,universitetsaulaen,0.5142857142857142
svekkes,svekt,0.6896551724137931
torsdagens,torsdag,0.8274111675126904
utenriks,utanriks,1.0
beklageligvis,dessverre,0.8
russerens,russaren,0.8571428571428571
stiftelsens,stiftinga,0.75
skolens,skulen,0.6944444444444444
etatenes,etatane,1.0
sanksjoneres,sanksjonerte,0.6
bes,bedne,0.6418439716312057
saksøkes,saksøkt,0.55
plattformens,plattforma,1.0
tilberedes,laga,0.8
dus,mild,0.9090909090909091
kreftforskningspris,kreftforskingspris,0.8571428571428571
beredskapsdepartementets,justis-,1.0
drilles,drillast,1.0
hovedstyrets,hovudstyret,1.0
klubbløs,klubblaus,1.0
skiskytternes,skiskyttarane,0.8
tredagers,tredagars,1.0
østerrikes,austerrikes,0.9117647058823529
motvirkes,motverka,0.75
gis,gitt,0.5445321307779031
bosettes,busetjast,0.6052631578947368
letes,etter,0.75
løvens,løvas,0.8
pilotenes,pilotane,1.0
beiruts,eksplosjonen,0.8
etterlates,etterlatne,0.6666666666666666
intensiveres,intensiverast,0.6111111111111112
leses,lesast,0.5813953488372093
klimapanels,fns,1.0
lettes,letta,0.56
medienes,media,0.6481481481481481
leves,livet,0.8333333333333334
påbegynnes,kan,0.6
erstattes,erstatta,0.5198237885462555
bedriftens,bedrifta,0.8461538461538461
landenes,landa,0.7678571428571429
søkelys,søkjelys,0.6831683168316832
pantes,noreg,0.9166666666666666
galapagos,galpagos,1.0
stemmes,stemmast,0.6612903225806451
straffeforfølges,straffeforfølgjast,0.65625
norgeshistoriens,største,0.7142857142857143
aktiveres,aktivert,0.5454545454545454
løs,laus,0.9777777777777777
ansvarliggjøres,ansvarleggjerast,0.8
oppgraderes,oppgraderast,0.6410256410256411
arbeids,sosialminister,0.9166666666666666
måles,målt,0.5816326530612245
ses,sjåast,0.5266666666666666
studeres,studerast,1.0
bussholdeplass,busshaldeplass,1.0
tolkes,tolkast,0.6213592233009708
nazistenes,nazistane,0.8333333333333334
fotballforbunds,norges,0.9
forbrukerombudets,forbrukarombodet,0.75
varsles,varsla,0.7549019607843137
innaskjærs,innanskjers,0.8333333333333334
eurogruppens,eurogruppa,1.0
omdisponeres,omdisponerast,0.6153846153846154
gjennomføres,gjennomførast,0.6585106382978724
arbeidstakernes,arbeidstakarane,0.9411764705882353
dommerens,dommaren,0.8333333333333334
gutters,gutar,1.0
pågripes,arresterast,0.5652173913043478
guttens,guten,1.0
pekes,peika,0.6746987951807228
innenriksdepartementets,innanriksdepartementets,1.0
utredes,ut,0.78125
spesialenhetens,spesialeininga,0.6666666666666666
lavmoms,lågmoms,1.0
sikkerhetskurs,tryggingskurs,0.75
tjuetalls,tjuetals,0.9285714285714286
oljeselskapenes,oljeselskapa,0.7142857142857143
ntb-markus,npk-ntb,0.625
avkortes,inntekt,0.625
eldes,befolkninga,1.0
bokens,boka,0.8
kunstgress,kunstgras,0.9571428571428572
suspenderes,suspendert,0.6842105263157895
utøvernes,utøvarane,0.8
realitetsbehandles,realitetsbehandlast,1.0
mindretallets,mindretalet,0.8333333333333334
resultatløs,resultatlaus,1.0
lokaliseres,lokaliserast,0.75
kontrolleres,kontrollert,0.5596330275229358
turistenes,turistane,1.0
pensjonistforbundets,davidsen,0.625
fremheves,framheva,0.7857142857142857
bilenes,bilane,0.7142857142857143
innsattes,innsette,0.75
hindres,hindra,0.5769230769230769
henholdsvis,høvesvis,0.9700285442435775
familienes,familiane,0.8888888888888888
søndagens,søndag,0.7651821862348178
oppføres,oppførast,0.7142857142857143
hanskes,hanskast,0.8846153846153846
tilskrives,kan,0.5882352941176471
forårsakes,forårsaka,0.7058823529411765
normaliseres,normalisert,0.5625
mislyktes,mislykkast,0.819047619047619
skogeiernes,skogeigarane,0.8
niendeplass,niandeplass,0.9782608695652174
hjemmelagets,heimelaget,0.7272727272727273
deporteres,deporterast,0.8181818181818182
bestilles,bestillast,0.7692307692307693
splittes,splitta,0.7272727272727273
århundrets,hundreårets,0.8461538461538461
aftenblads,stavanger,1.0
universitetssykehus,universitetssjukehus,0.9875195007800313
-talls,-tals,0.8181818181818182
hviterusslands,kviterusslands,0.9411764705882353
bokhandlernes,bokhandlarane,0.8
forbrukerens,forbrukaren,0.6666666666666666
byttes,bytast,0.7586206896551724
fryktløs,fryktlaus,1.0
avlyses,avlysast,0.5178571428571429
skånes,skåna,0.6
dommernes,dommarane,0.8333333333333334
boligens,bustaden,0.7894736842105263
stedsans,stadsans,0.6
mislykkes,mislykkast,0.9574468085106383
avskaffes,avskaffast,0.7
sikkerhetstjenestes,politiets,1.0
undersøkes,undersøkjast,0.5087719298245614
franks,anne,0.8
bolighus,bustadhus,0.9775280898876404
toppes,toppa,0.7333333333333333
finansieres,finansierast,0.660377358490566
innbyggernes,innbyggjarane,0.8333333333333334
motstanderens,motstandaren,0.7
lyttes,lyttast,0.875
løsdriftsfjøs,lausdriftsfjøs,0.7
hennes,hennar,0.9297023432552248
jaktes,jakta,0.5454545454545454
ukevis,vekevis,0.9787234042553191
kontaktløs,kontaktlaus,0.9230769230769231
salgs,sals,0.9072164948453608
strømstans,straumstans,1.0
ferdes,ferdast,0.9615384615384616
snakkes,snakka,0.6170212765957447
rammes,ramma,0.8487903225806451
varslerens,varslaren,0.8333333333333334
giftes,gifta,0.75
flyselskapenes,flyselskapa,0.8888888888888888
utvikles,utviklast,0.54
bevæpnes,politiet,0.75
nullutslipps,nullutslepps,0.6666666666666666
arbeiderbevegelsens,arbeidarrørsla,0.8333333333333334
satses,satsast,0.603448275862069
ansettes,tilsetjast,0.5714285714285714
lagres,lagrast,0.5130434782608696
utlendingsdirektoratets,udi,1.0
omsorgsdepartementets,helse-,1.0
konsumeres,konsumert,0.6666666666666666
nord-norges,nord-noregs,0.8
kjedens,kjeda,0.6923076923076923
helseforetakenes,helseføretaka,0.9230769230769231
haralds,kong,0.9090909090909091
klandres,klandrast,0.875
lavpris,lågpris,1.0
kyis,suu,1.0
avsløres,avslørt,0.6
ekspertutvalgets,ekspertutvalet,1.0
smittes,smitta,0.8571428571428571
gravlegges,gravleggjast,0.5714285714285714
ankes,ankast,0.625
partenes,partane,0.8235294117647058
destrueres,destruerast,0.5909090909090909
tilpasses,tilpassast,0.7272727272727273
zealands,new,0.9857142857142858
spillerens,spelaren,1.0
rolls,rolls-royce,0.6666666666666666
koordineres,koordinert,0.6923076923076923
planlegges,planlagt,0.5655172413793104
kommunestyrets,kommunestyrevedtaket,0.75
utfordres,utfordra,0.8
indikeres,indikert,1.0
rangeres,rangert,0.68
skiftes,ut,0.85
veksles,vekslast,0.6666666666666666
evalueres,evaluerast,0.82
ropes,ropt,1.0
velgernes,veljarane,0.75
konkurranseutsettes,konkurranseutsetjast,0.7272727272727273
reguleres,regulerast,0.6
kommunenes,kommunane,0.7361702127659574
frivillighetens,frivilligåret,0.7333333333333333
lyses,ut,0.7777777777777778
voktes,vakta,1.0
meldes,meldt,0.6587301587301587
utelukkes,kan,0.72
spillernes,spelarane,0.8888888888888888
vinterens,vinter,0.6621621621621622
hederspris,heiderspris,0.7368421052631579
innenlands,innanlands,0.9880952380952381
helseorganisasjons,verdshelseorganisasjonens,0.8695652173913043
opplæringslovens,opplæringslova,1.0
drammensregionens,brannvesen,1.0
bakes,bakt,0.6153846153846154
kappes,kappast,0.8846153846153846
freds,himmelfredsplassen,1.0
mobbes,mobba,1.0
kystvaktens,kystvaktas,0.5625
støtes,ut,0.8333333333333334
brøytes,brøytast,0.8
feltsykehus,feltsjukehus,0.9615384615384616
leverandørenes,leverandørane,0.75
kullos,kolos,1.0
treffes,treffast,0.5714285714285714
ntb-reuters,npk-ntb-reuters,0.9615384615384616
forstås,forståast,0.7209302325581395
fjernes,fjerna,0.5411140583554377
sivilombudsmannens,sivilombodsmannens,0.75
sykehus,sjukehus,0.9820189274447949
partienes,partia,0.84
venstre-lederens,venstre-leiaren,0.75
kreditorenes,kreditorane,1.0
varmebehandles,varmebehandlast,0.8
kommuniseres,ut,0.6666666666666666
ansattes,tilsette,0.8266666666666667
pasienters,ved,0.5384615384615384
fagforeningenes,fagforeiningane,0.6
forvaltes,forvalta,0.53125
ntb-ines,npk-ntb,0.75
filippinenes,filippinanes,0.9411764705882353
rekdals,kjetil,0.75
trivdes,godt,0.75
livløs,livlaus,1.0
tiltales,tiltalt,0.5454545454545454
lagenes,laga,0.8181818181818182
syntes,syntest,0.8769230769230769
hensynsløs,omsynslaus,1.0
ukens,veka,0.5135135135135135
regionsykehus,regionsjukehus,1.0
forstyrres,forstyrra,1.0
ukers,vekers,0.83
nesbøs,jo,0.5714285714285714
trives,trivst,0.831275720164609
besvares,svarast,0.6875
forsøkes,prøvd,0.6666666666666666
undersøkelsens,undersøkinga,0.8571428571428571
spillets,spelet,0.5714285714285714
framstilles,framstilt,0.6111111111111112
forbrukernes,forbrukarane,0.775
hodelus,hovudlus,0.9523809523809523
fattes,fattast,0.525
nomineres,nominert,0.8333333333333334
kvinnens,kvinna,0.7959183673469388
aksepteres,aksepterast,0.5217391304347826
utdeles,ut,0.7272727272727273
spores,sporast,0.8125
forbrukerrådets,forbrukarrådet,0.525
opereres,opererast,0.6627906976744186
mens,medan,0.8240134340890009
mets,oslomets,0.75
lydløs,lydlaus,0.7777777777777778
flyktningenes,flyktningane,0.875
medlemslandenes,medlemslanda,0.9090909090909091
avbrytes,avbrytast,0.7692307692307693
mintes,mintest,0.7222222222222222
valgkampens,valkampen,1.0
kirkes,norske,0.9375
serveres,servert,0.6111111111111112
voksnes,vaksne,0.9411764705882353
rulles,ut,0.7608695652173914
fornærmedes,fornærma,0.7272727272727273
gratuleres,gratulert,0.8888888888888888
departementenes,departementa,0.6666666666666666
benådes,benåda,0.8
borgernes,borgarane,0.7857142857142857
bymisjons,kirkens,1.0
spørs,spørst,0.9473684210526315
festes,festa,0.625
ligas,la,1.0
gjennomgås,gjennomgåast,0.7272727272727273
knuses,knust,0.75
fases,ut,0.8823529411764706
minnes,minnast,0.5503355704697986
modifiseres,modifiserast,1.0
kritikerlagets,ut,0.75
bemannes,bemannast,0.7142857142857143
forklares,forklarast,0.5875706214689266
ryktes,ryktast,0.7
jordens,jorda,0.5714285714285714
oppfylles,oppfyllast,0.5789473684210527
arbeides,arbeidd,0.8627450980392157
konkurrentenes,konkurrentane,0.9230769230769231
iverksettes,verk,0.9523809523809523
danskenes,danskane,0.6428571428571429
ambulansers,ambulansar,1.0
lederes,leiarar,0.8
stortrives,stortrivst,0.9285714285714286
sistnevntes,sistnemnde,0.55
utbruddets,utbrotet,0.8
suges,sogen,1.0
foreldrenes,foreldra,0.86
politikeres,politikarar,1.0
rikskonsertenes,rikskonsertane,1.0
jobbes,jobba,0.8307210031347962
historiens,historia,0.5365853658536586
dagers,dagars,0.8740554156171285
houthi-opprørernes,houthi-opprørarane,1.0
personenes,personane,0.8
befolkningens,befolkninga,0.6851851851851852
kronprinsessens,kronprinsessa,0.8333333333333334
isoleres,isolerast,0.5625
årenes,åra,0.9166666666666666
kombineres,kombinerast,0.5833333333333334
avlives,avlivast,0.8875
fiskes,fiska,0.52
luftveisvirus,luftvegsvirus,1.0
hylles,hylla,0.847457627118644
kritiseres,kritisert,0.6888888888888889
utvises,utvisast,0.5384615384615384
avskrives,avskrivast,0.75
arbeideres,arbeidarar,0.8
veitrafikklovens,vegtrafikklova,0.75
bekreftes,stadfesta,0.7236842105263158
menneskers,menneske,0.5454545454545454
villaksens,rømt,0.75
lederplass,leiarplass,1.0
gledens,gledesdag,0.6415094339622641
høringsprosess,høyringsprosess,1.0
staters,statar,1.0
handles,handla,0.864406779661017
søkernes,søkjarane,0.8333333333333334
helårs,heilårs,1.0
hovedindeks,hovudindeks,1.0
slukkes,sløkt,0.8
selskapers,selskap,0.625
utstedes,ut,0.6363636363636364
etablererkurs,etablerarkurs,1.0
hastebehandles,hastebehandla,0.5714285714285714
ntb-lars,npk-ntb,0.5357142857142857
returneres,returnerast,0.7058823529411765
forventes,forventa,0.5793357933579336
piers,morgan,0.9166666666666666
sykepleierforbundets,sjukepleiarforbundets,0.7
fellessykehus,fellessjukehus,1.0
fremtidens,framtida,0.7142857142857143
åpenhetspris,openheitspris,0.8571428571428571
tremåneders,tremånaders,0.6
varetektsfengsles,veker,0.64
fredagens,fredag,0.8096330275229358
meningsløs,meiningslaus,0.9047619047619048
tellefsens,arve,1.0
takkes,takka,0.8333333333333334
dyrkes,dyrka,0.6451612903225806
bookes,bookast,0.5384615384615384
hjemmets,heimen,1.0
economists,the,1.0
innsettes,innsett,0.7692307692307693
voteres,over,1.0
pårørendes,pårørande,0.8571428571428571
utvides,utvida,0.5757575757575758
utdannes,utdanna,0.6666666666666666
lånes,ut,0.8448275862068966
verdiløs,verdilaus,1.0
romanpris,romanprisen,0.75
tvangsreturneres,tvangsreturnerast,0.8333333333333334
oppgjørets,oppgjeret,0.75
renses,reinsast,0.5882352941176471
veivalgsprosess,krfs,0.75
akademis,norske,1.0
uskadeliggjøres,uskadeleggjerast,0.6
fengsles,fengsla,0.5925925925925926
legers,legar,0.5789473684210527
dokumenteres,dokumenterast,0.75
prestenes,prestane,0.8333333333333334
østafjells,austafjells,0.8354430379746836
utvinnes,ut,0.6
siteres,sitert,0.7142857142857143
fordømmes,fordømt,0.7272727272727273
forankres,forankrast,0.9523809523809523
kastes,kasta,0.556390977443609
monteres,monterast,0.6470588235294118
trafikks,trygg,1.0
stoltenberg-regjeringens,stoltenberg-regjeringa,0.5714285714285714
oversettes,omsetjast,0.5652173913043478
beskyttes,vernast,0.6
femtitalls,femtitals,1.0
startes,starta,0.5333333333333333
færøyenes,færøyane,0.75
gjertsens,stod,1.0
utrykningspolitiets,utrykkingspolitiets,0.6
bunns,komme,0.6136363636363636
endeløs,endelaus,1.0
eu-landenes,eu-landa,0.9
emiraters,arabiske,1.0
allmennhetens,allmenta,0.5714285714285714
tilrettelegges,rette,0.5882352941176471
konkurreres,konkurrerast,0.5714285714285714
funksjonshemmedes,fellesorganisasjon,0.7941176470588235
hjelpes,hjelpast,0.6470588235294118
således,såleis,0.8604651162790697
trålernes,trålarane,1.0
gjøres,gjerast,0.558955223880597
skisseres,skissert,0.625
kommuneansattes,kommunetilsettes,0.75
kasseres,kasserast,1.0
skvises,skvisa,0.75
dreptes,drepne,1.0
strømpris,straumpris,0.9042553191489362
meglerhus,meklarhus,0.8235294117647058
installeres,installerast,0.6470588235294118
oens,dale,0.8888888888888888
ntb-andreas,npk-ntb,1.0
helgens,helga,0.5402985074626866
valgkommisjonens,valkommisjonen,0.9090909090909091
utmåles,utmålast,1.0
barnehagenes,barnehagane,0.5714285714285714
herjes,herja,0.9090909090909091
markedsføres,marknadsført,0.5652173913043478
sannsynligvis,sannsynlegvis,0.9409984871406959
høres,ut,0.7106598984771574
lanseres,lansert,0.6824324324324325
omplasseres,omplasserast,0.7777777777777778
begrens,avgrens,0.7647058823529411
eos-utvalgets,eos-utvalets,0.8333333333333334
strømløs,straumlaus,1.0
undergraves,seier,0.6666666666666666
kompenseres,kompenserast,0.6236559139784946
nattens,natt,0.7073170731707317
avkriminaliseres,narkotika,0.8
fravikes,fråvikast,1.0
trekkes,trekt,0.5109649122807017
prioriteres,prioriterast,0.6749226006191951
brukeres,brukarar,0.75
myndighetenes,styresmaktene,0.788546255506608
avlegges,år,0.75
henvises,vist,0.5454545454545454
timers,timars,0.8876404494382022
konsulteres,konsulterast,0.8
tredelers,to,1.0
ords,fritt,0.9864864864864865
partiers,parti,0.5454545454545454
bortegress,bortegras,0.8
brukernes,brukarane,0.7931034482758621
læres,lærast,0.8571428571428571
oppleves,opplevast,0.5015673981191222
sentralbyrås,statistisk,0.9761904761904762
rolls-royces,maritime,0.8
kinoenes,kinoane,0.8
innskjerpes,innskjerpast,0.75
diskuteres,diskuterast,0.5167785234899329
-tommers,-tommars,0.5384615384615384
nådeløs,nådelaus,0.9411764705882353
gallups,tns,1.0
midtveis,midtveges,0.543859649122807
kjennetegnes,kjenneteikna,0.8181818181818182
minutters,minutts,0.8490566037735849
fellesforbunds,politiets,1.0
undervurderes,undervurderast,0.625
merkes,merkast,0.625
tingretts,oslo,0.7777777777777778
biskopenes,biskopane,0.8571428571428571
butikkenes,butikkane,0.5714285714285714
sentralsykehus,sentralsjukehus,1.0
tilbakebetales,tilbake,0.6666666666666666
permitteres,permitterte,0.6666666666666666
meteorologenehttpstwittercommeteorologenestatus,meteorologanehttpstwittercommeteorologenestatus,1.0
lokalsykehus,lokalsjukehus,0.9090909090909091
løses,løysast,0.8190954773869347
formidles,formidla,0.5185185185185185
ombudets,ombodet,1.0
kurses,kursast,1.0
folketrygdens,folketrygda,0.9375
antennes,kan,1.0
demokratenes,demokratanes,0.7751937984496124
behandles,behandlast,0.568922305764411
preges,prega,0.9032258064516129
rundes,runda,0.8888888888888888
opprettholdes,oppe,0.6062176165803109
fedres,vil,0.75
ntb-mats,npk-ntb,0.5119047619047619
hjemløs,heimlaus,0.8888888888888888
høstes,haustast,0.5333333333333333
jukses,juksa,1.0
betales,betalast,0.6
utformes,utformast,0.7317073170731707
kritikerpris,kritikarpris,0.8333333333333334
brødrenes,brørne,1.0
fredes,freda,0.7222222222222222
bevises,bevisast,0.8
luftes,luftast,0.5714285714285714
stjeles,stole,0.6363636363636364
sommerens,sommar,0.6256983240223464
harams,boko,0.9090909090909091
arves,arvast,1.0
dyttes,dytta,0.6666666666666666
etterlyses,etterlyst,0.8333333333333334
royalties,royalty,0.5384615384615384
annerledes,annleis,0.9326923076923077
hjelpeløs,hjelpelaus,1.0
piskes,piska,0.8
speiles,spegla,0.6
oppheves,oppheva,0.711864406779661
støttes,støtta,0.927536231884058
strupes,strupast,0.6666666666666666
høstens,haust,0.7949640287769785
hurtigtestes,hurtigtesta,0.7142857142857143
overens,overeins,0.9444444444444444
avhøres,avhøyrast,0.7058823529411765
sociedads,real,1.0
tiltrekkes,tiltrekt,1.0
tydeliggjøres,tydeleg,0.7142857142857143
sommerhus,sommarhus,0.8571428571428571
folkepartis,kristeleg,0.6666666666666666
akuttsykehus,akuttsjukehus,1.0
grønnes,grønes,0.5967741935483871
sjåførenes,sjåførane,1.0
målingens,målinga,1.0
fokuseres,fokuserast,0.5555555555555556
annenplass,andreplass,0.9058823529411765
letestans,leitestans,0.96875
muligens,kanskje,0.9237668161434978
overlates,overlatast,0.6153846153846154
overgangsvinduets,siste,1.0
grilles,grillast,0.9166666666666666
hedersplass,heidersplass,1.0
formuleres,formulerast,1.0
transparens,transparents,1.0
bygges,byggjast,0.51434034416826
importeres,importert,0.5098039215686274
fremstilles,varetektsfengsling,0.5373134328358209
bisettes,bisett,0.75
vegvesens,statens,0.9824561403508771
feies,feiast,0.6666666666666666
fordeles,fordelast,0.6093189964157706
desinfiseres,desinfiserast,0.5555555555555556
garanteres,garantert,0.6
utryddes,utryddast,0.6428571428571429
avgjøres,avgjerast,0.6117021276595744
gammeldags,gammaldags,1.0
elektrifiseres,elektrifiserast,0.6923076923076923
stasjoneres,stasjonerast,0.75
utøves,utøvd,0.52
omsettes,omsett,0.8089887640449438
hørtes,høyrdest,1.0
avsettes,avsetjast,0.7368421052631579
solens,sola,1.0
skoleskyss,skuleskyss,1.0
vårens,vår,0.7857142857142857
radikaliseres,radikaliserte,0.6
stortingsflertallets,stortingsfleirtalet,0.9
felts,går,0.75
kundenes,kundane,0.8269230769230769
arbeidsmarkedets,arbeidsmarknaden,0.8333333333333334
studentenes,studentane,0.75
vedkommendes,vedkommande,0.65
håndball-vms,handball-vms,0.8
strammes,stramma,0.7
henlegges,bort,0.8947368421052632
omtales,omtalt,0.6983050847457627
lørdagens,laurdag,0.7898089171974523
salgssuksess,salssuksess,1.0
revideres,reviderast,0.6666666666666666
overbevises,overtydast,0.6666666666666666
publiseres,publisert,0.625
anskaffelsesprosess,innkjøpsprosess,1.0
amerikanerens,amerikanaren,0.75
prinsessens,prinsessa,0.8
amenas,in,1.0
gruppens,gruppa,0.7169811320754716
digitaliseres,digitaliserast,0.8
gynt-pris,peer,1.0
trinnløs,trinnlaus,1.0
ungdommers,ungdommar,0.6363636363636364
velges,veljast,0.528
advares,åtvara,0.9285714285714286
ungdommenes,ungdommane,0.6428571428571429
tyvegods,tjuvegods,1.0
tilbakekalles,tilbake,0.7906976744186046
avisens,avisa,0.7878787878787878
klagerens,klagaren,1.0
håndheves,handheva,0.7058823529411765
etterfølgerens,etterfølgjarens,0.75
dryppes,drope,0.75
nedstrøms,nedstraums,1.0
omfattes,omfatta,0.7679558011049724
mistrives,mistrivst,0.9166666666666666
gjess,gjæser,1.0
konkurranselovens,konkurranselova,1.0
uttrykkes,uttrykt,0.625
mesterligaplass,meisterligaplass,1.0
kommunesektorens,ks,0.8431372549019608
fryses,frysast,0.7
hoppernes,hopparane,0.6363636363636364
kolonialismens,ha,1.0
småbrukarlags,bonde-,0.8571428571428571
tøyes,kan,0.8
utendørs,utandørs,0.9734904270986745
utstyres,utstyrast,0.6857142857142857
seilas,seglas,0.5555555555555556
opplyses,opplyst,0.7980769230769231
ledelsens,leiinga,1.0
støttegruppens,støttegruppa,0.7142857142857143
forfatterens,forfattaren,0.8571428571428571
demonstrantenes,demonstrantane,1.0
synes,synest,0.9239373601789709
lærernes,lærarane,0.8888888888888888
anklages,skulda,0.9347826086956522
toveis,tovegs,1.0
opplysningsvesenets,fond,1.0
kontaktes,kontaktast,0.5909090909090909
gartnerhallens,meir,0.6
konkursens,konkurs,1.0
byggeskikkpris,byggjeskikkpris,1.0
anmodes,bedne,0.5454545454545454
pustes,pusta,0.8333333333333334
-timers,-timars,0.7692307692307693
lankas,sri,0.98
golfstatenes,golfstatanes,0.75
lempes,lempa,0.5853658536585366
rasismes,sos,1.0
rens,reins,0.7142857142857143
arbeiderpartiets,arbeidarpartiets,0.7240506329113924
benyttes,nytta,0.5159420289855072
lærerens,læraren,1.0
konkluderes,konkludert,0.8709677419354839
tappes,tappa,0.6666666666666666
påtalemyndighetens,påtalemakta,0.75
sammenlignes,samanliknast,0.7169811320754716
etterretningstjenestens,etterretningstenesta,0.8
godkjennes,godkjennast,0.691304347826087
tolereres,tolererast,0.7857142857142857
amerikanernes,amerikanarane,0.8235294117647058
fylkeskommunenes,fylkeskommunane,0.7058823529411765
bookmakernes,bookmakerane,0.625
palestinernes,palestinarane,0.7058823529411765
forskernes,forskarane,0.782608695652174
leiepris,leigepris,1.0
legenes,legane,0.8125
styrkers,samtidig,0.75
sørstatenes,sørstatanes,1.0
helse-norges,helse-noregs,0.8571428571428571
forkjølelsesvirus,forkjølingsvirus,0.9545454545454546
leilighetskompleks,leilegheitskompleks,1.0
fraktes,fraktast,0.5619834710743802
vaksineres,vaksinerast,0.6837606837606838
onsdagens,onsdag,0.8486140724946695
likestilles,likestillast,0.6333333333333333
vannbakkels,vassbakkels,1.0
vannglass,vassglas,1.0
oikos,økologisk,0.8333333333333334
flygernes,flygarane,0.5714285714285714
follos,nordre,1.0
hvorledes,korleis,1.0
kremeres,kremerast,0.8571428571428571
flyktningers,flyktningar,0.65
navngis,namngitt,0.5714285714285714
p-lytternes,romanprisen,0.75
vigsles,vigsla,0.75
representeres,representert,0.7777777777777778
kåres,kåra,0.5365853658536586
spares,sparast,0.6341463414634146
næringslivs,dagens,0.8214285714285714
fortidens,fortida,1.0
utbedres,utbetrast,0.8421052631578947
ratifiseres,ratifiserast,0.8333333333333334
harvests,marine,1.0
sitrongress,sitrongras,1.0
foldes,ned,0.75
-måneders,-månaders,0.8333333333333334
julens,jula,0.875
konsekvensutredes,konsekvensutgreiast,0.875
høringsinstans,høyringsinstans,1.0
avgraderes,avgraderast,0.6
presteforeningens,seier,0.7777777777777778
passasjerenes,passasjerane,1.0
overbelastes,overbelasta,0.8571428571428571
vaksinenes,vaksinane,0.9
trådløs,trådlaus,1.0
males,over,0.75
konfronteres,konfronterast,0.75
løslates,lauslatast,0.55
bremses,bremsast,0.5263157894736842
møttes,møttest,0.9498956158663883
lammes,lamma,1.0
solberg-regjeringens,solberg-regjeringa,0.5882352941176471
skannes,skannast,0.6
stedvis,stader,0.6111111111111112
tenkes,kan,0.8775510204081632
g-landenes,g-landa,1.0
forverres,forverra,0.72
råfisklags,norges,1.0
salgspris,salspris,1.0
botens,bota,1.0
grenseløs,grenselaus,0.7857142857142857
friteres,friterast,0.75
sees,sjåast,0.6710526315789473
forsinkes,forseinka,0.7777777777777778
tjenestens,tenesta,0.7777777777777778
vassdrags,noregs,1.0
forsøksvis,førebels,0.75
inkluderes,inkluderast,0.6326530612244898
høyresidens,høgresida,0.7777777777777778
skiltes,skiltast,0.7142857142857143
overtales,overtalast,0.75
innføres,innført,0.5260115606936416
forskningspris,forskingspris,1.0
mates,matast,0.6
løsepengevirus,løysepengevirus,0.95
hjemlandets,heimlandet,1.0
sies,seiast,0.6727272727272727
vurderes,vurderast,0.5125553914327917
bankes,banka,0.8571428571428571
innenriks,innanriks,1.0
skolekorps,skulekorps,0.8888888888888888
formaliseres,formaliserast,1.0
fremlegges,fram,0.75
naturvernforbundets,leiar,0.53125
toryenes,johnson,1.0
arbeidsfolks,tvil,0.75
rekkehus,rekkjehus,0.9444444444444444
foreldes,år,0.75
evakueres,evakuerast,0.6341463414634146
verifiseres,verifiserast,0.8181818181818182
plasseres,plasserast,0.5416666666666666
oppfattes,oppfatta,0.6126126126126126
skyldtes,kom,0.8159509202453987
forskriftsfestes,forskriftsfestast,0.9090909090909091
slås,slått,0.6059479553903345
spis,et,0.9545454545454546
bevisstløs,medvitslaus,0.9333333333333333
naturligvis,naturlegvis,0.8961748633879781
venstrepartis,sosialistisk,0.9285714285714286
drøftes,drøftast,0.8571428571428571
representantenes,representanthuset,0.9579579579579579
spås,spådd,0.9
håndteres,handterast,0.7
måneds,månads,0.8333333333333334
siktedes,sikta,0.6129032258064516
forfalskes,forfalskast,1.0
endres,endra,0.5009633911368016
trappes,trappa,0.6952380952380952
domstolenes,domstolane,0.8888888888888888
-åringers,naturfag,0.75
bokhandlerpris,bokhandlarpris,0.5555555555555556
kjøles,ned,0.875
syns,synest,0.8968481375358166
kompromissløs,kompromisslaus,1.0
huskes,hugsa,0.8
veikryss,vegkryss,0.8571428571428571
høyhastighetsbevis,høgfartsbevis,1.0
straffelovens,straffelova,0.84375
slepes,slepast,0.5625
revens,dvergbendelorm,0.8571428571428571
skapes,skapt,0.6
loves,lova,0.6829268292682927
berlinmurens,fall,1.0
verdens,verda,0.5458683473389355
inngås,inngåast,0.5185185185185185
resirkuleres,resirkulert,0.5714285714285714
forbedres,forbetrast,0.59375
igangsettes,gang,0.8181818181818182
ruskompromiss,ap,0.7142857142857143
ventes,venta,0.901656314699793
kjempes,kjempast,0.76
månedens,månadens,0.8260869565217391
måneders,månaders,0.8554913294797688
videreutvikles,vidareutviklast,0.6842105263157895
sjans,sjanse,1.0
guttenes,gutane,0.9230769230769231
keeperplass,målvaktplass,0.8
flyttes,flytta,0.5158924205378973
ivaretas,vare,0.5833333333333334
signeres,signert,0.5333333333333333
barnesykehus,barnesjukehus,1.0
eierens,eigaren,1.0
begrenses,avgrensast,0.6346153846153846
ties,hel,0.75
krigsinnsats,krigsinnsatsen,0.6
veies,vegast,0.631578947368421
fastlegenes,fastlegane,0.8
anbefales,tilrådd,0.5952380952380952
sykehjemsplass,sjukeheimsplass,0.9615384615384616
utvalgets,utvalet,0.7934782608695652
anbudsprosess,anbodsprosess,0.75
sluttspillplass,sluttspelplass,0.8571428571428571
studenters,studentar,0.5454545454545454
seksmåneders,seksmånaders,0.75
fortolles,fortollast,0.8
lyktes,lykkast,0.8961748633879781
tlos,npk-ntb,0.65
hjertestans,hjartestans,0.9012345679012346
miljødepartementets,klima-,0.8
forstørrelsesglass,forstørringsglas,0.5714285714285714
norges,noregs,0.591242632022134
skimtes,kan,0.5714285714285714
skandinavias,største,0.7058823529411765
hundretalls,hundretals,0.8947368421052632
arbeidsgruppens,arbeidsgruppa,0.6666666666666666
sidestilles,sidestillast,0.6666666666666666
vanligvis,vanlegvis,0.9709762532981531
auksjoneres,bort,0.7857142857142857
reindriftsamers,norske,1.0
mandagens,måndag,0.8263665594855305
senterungdommens,leiar,0.5769230769230769
varsom-plakatens,ver,0.9444444444444444
smeltes,smelta,0.625
reddes,reddast,0.5873015873015873
skylles,skylde,0.5714285714285714
lovens,lova,0.6944444444444444
lykkes,lykkast,0.8927492447129909
nektes,nekta,0.7
moderniseringsdepartementets,kommunal-,1.0
lokalsykehusenes,lokalsjukehusa,1.0
underveis,undervegs,0.9830188679245283
integreres,integrerast,0.75
reforhandles,reforhandlast,0.8571428571428571
fremskrittspartiets,framstegspartiets,0.6872727272727273
smugles,smugla,0.9166666666666666
trengtes,trongst,0.875
forskyves,kan,0.6
innrettes,innrettast,0.7058823529411765
framtidens,framtida,0.6896551724137931
plugges,plugga,0.75
avrundes,avrundast,0.8
hovedsykehus,hovudsjukehus,0.9285714285714286
estimeres,estimert,1.0
plages,plaga,0.8260869565217391
forebygges,kan,0.8823529411764706
framføres,framført,0.75
armlengdes,avstand,0.8235294117647058
doneres,donerast,0.6521739130434783
klages,klaga,0.7894736842105263
politidistriktenes,politidistrikta,1.0
asylsøkeres,asylsøkjarar,0.6363636363636364
menneskerettighetenes,menneskerettane,0.8333333333333334
byggeplass,byggjeplass,0.9420289855072463
emiratenes,emiratas,0.9166666666666666
utkjempes,utkjempast,0.6666666666666666
lytternes,bli,0.75
heldøgns,heildøgns,0.9285714285714286
sakens,saka,0.7735849056603774
rettferdiggjøres,rettferdiggjerast,1.0
klimastreikernes,klimastreikarane,1.0
sikkerhetsråds,fns,0.75
intervjues,intervjua,0.6153846153846154
deltakernes,deltakarane,0.75
tippes,tippa,0.6
markedspris,marknadspris,1.0
ferdigstilles,ferdigstillast,0.5185185185185185
ellers,elles,0.9796716184519155
flomlys,flaumlys,0.8571428571428571
tydeligvis,tydelegvis,1.0
sjuendeplass,sjuandeplass,0.9574468085106383
forenkles,forenklast,0.6875
bindes,opp,0.5714285714285714
evangs,karl,1.0
hedres,heidra,0.8269230769230769
oppsigelsesprosess,oppseiingsprosess,1.0
husholdningers,hushald,0.9285714285714286
tones,ned,0.8571428571428571
ingstads,helge,0.875
cups,norway,1.0
tiendeplass,tiandeplass,1.0
gjenbrukes,kan,0.6666666666666666
høyesterettsjustitiarius,høgsterettsjustitiarius,1.0
målløs,mållaus,0.9411764705882353
lekeplass,leikeplass,1.0
holdeplass,haldeplass,1.0
ukes,vekes,0.6341463414634146
ekspertenes,ekspertane,0.9090909090909091
journalistenes,journalistane,0.8333333333333334
sør-norges,sør-noregs,0.6
hevdes,hevda,0.9375
samordnes,samordnast,0.5384615384615384
nytes,nytast,0.7777777777777778
selskapenes,selskapa,0.825
lukkes,lukka,0.5217391304347826
etterforskes,etterforska,0.7813953488372093
førerløs,førarlaus,0.8888888888888888
generasjons,neste,0.64
kunstens,kunst,0.6
damms,cappelen,1.0
månedsvis,månadsvis,0.972972972972973
undertegnes,underteiknast,0.8333333333333334
ekspertgruppens,ekspertgruppa,1.0
repareres,reparerast,0.8490566037735849
presenteres,presentert,0.5506329113924051
militærsykehus,militærsjukehus,1.0
datterens,dottera,0.8571428571428571
reisendes,reisande,0.8333333333333334
energidirektorats,noregs,0.8888888888888888
flertallets,fleirtalet,0.7692307692307693
illustreres,illustrert,0.8
høydehus,høgdehus,0.8695652173913043
anvendes,nyttast,0.6
karakteriseres,karakterisert,0.5333333333333333
rapporteres,rapportert,0.6071428571428571
følges,opp,0.5065963060686016
beslaglegges,beslaglagt,0.75
påvirkes,påverka,0.9078014184397163
fornyes,fornyast,0.7333333333333333
koronatestes,koronatestast,0.7647058823529411
verdensbankens,verdsbankens,0.6060606060606061
prøves,prøvast,0.7
smøres,smørjast,1.0
utgis,ut,0.65
regjeringspartienes,regjeringspartia,1.0
framvises,framvisast,0.75
husholdningenes,hushalda,0.8043478260869565
tilknyttes,knytast,1.0
skiforbunds,skiforbundets,0.6666666666666666
maktesløs,makteslaus,1.0
republikanernes,republikanaranes,0.6111111111111112
organisasjonenes,organisasjonane,0.9090909090909091
effektiviseres,effektiviserast,1.0
presiseres,presisert,0.75
avdekkes,avdekt,0.6122448979591837
håpløs,håplaus,1.0
annens,annans,0.7
ugress,ugras,0.7142857142857143
gjenåpnes,gjenopnast,0.5576923076923077
stoppes,stoppa,0.5151515151515151
helsetjenestens,helsetenesta,0.8
nødhjelps,kirkens,1.0
tettes,tettast,0.6363636363636364
understøttes,understøtta,1.0
planets,lonely,1.0
utleveres,utleverast,0.7916666666666666
påstås,påstått,0.75
sykehusets,sjukehuset,0.8695652173913043
involveres,involverast,0.5714285714285714
pakkes,pakka,0.5789473684210527
helsemyndighetenes,helsestyresmaktene,0.7872340425531915
schjeldeprijs,scheldeprijs,1.0
driftes,drifta,0.66
røykelaks,røykjelaks,0.8333333333333334
ordførerens,ordføraren,0.8333333333333334
åttendeplass,åttandeplass,0.9459459459459459
valgdirektoratets,valdirektoratets,0.9
forhåpentligvis,forhåpentleg,0.6103896103896104
sparkes,gang,0.7241379310344828
hagas,fram,0.75
likeledes,likeins,0.7142857142857143
reserveres,reserverast,0.6666666666666666
havbruksnæringens,fiskeri-,0.88
ordningens,ordninga,0.5714285714285714
cooks,thomas,1.0
arrangeres,arrangert,0.5951742627345844
ordnes,ordnast,0.5833333333333334
presses,pressa,0.7073170731707317
halvtimes,etter,0.7037037037037037
sikkerhetsrådets,tryggingsrådets,0.6842105263157895
forveksles,forvekslast,0.8181818181818182
forsvarernes,forsvararane,1.0
valgjuks,valjuks,1.0
u-landslagets,estland,0.75
gyrodactylus,salaris,1.0
hvalross,kvalross,1.0
formes,forma,0.7142857142857143
trenerens,trenaren,0.75
skattebetalernes,skattebetalarane,1.0
påvises,påvist,0.6176470588235294
opprettes,oppretta,0.5205479452054794
fryktes,frykta,0.9295774647887324
sloss,slost,0.8571428571428571
innledes,innleidd,0.5411764705882353
menneskerettighetspris,menneskerettspris,1.0
utenriksdepartementets,utanriksdepartementets,0.7272727272727273
todagers,todagars,0.8
føltes,kjendest,0.8363636363636363
prisvinnerens,prisvinnaren,0.6666666666666666
omgås,omgåast,0.5161290322580645
kondemneres,kondemnerast,1.0
blokkeres,blokkerast,0.5833333333333334
kopieres,kopierast,0.8
eftas,esa,0.9145299145299145
kommunalkomiteens,seier,0.6
avsluttes,avslutta,0.7737430167597765
barnehagers,private,1.0
elevenes,elevane,0.8490566037735849
covid--forskriftens,covid--forskrifta,0.5714285714285714
tirsdagens,tysdag,0.852054794520548
klekkes,klekte,0.8333333333333334
naturgress,naturgras,0.9
lagmannsretts,mai,0.6666666666666666
kirkemøtets,kyrkjemøtet,0.7692307692307693
rusfeltets,actis,0.9
forhindres,kan,0.6
smittevernlovens,smittevernlova,1.0
argumenteres,argumentert,0.6
sjømatrådets,seier,0.7777777777777778
poengløs,poenglaus,1.0
oppfordres,oppmoda,0.751219512195122
dannes,danna,0.828125
eies,eigd,0.7757575757575758
kommunikasjonsmyndighets,nasjonal,1.0
sikres,sikrast,0.5117647058823529
sømløs,saumlaus,0.7777777777777778
tibetanernes,tibetanarane,1.0
sykehusenes,sjukehusa,0.875
skikrets,skikrins,0.7777777777777778
leal-olivas,daniel,1.0
avblåses,avblåsast,0.6923076923076923
omprioriteres,omprioriterast,0.6
laboratorienes,laboratoria,1.0
enes,einast,0.6122448979591837
pensjonistenes,pensjonistane,0.6428571428571429
domineres,dominert,0.8
åpnes,opna,0.6522911051212938
kvarters,etter,0.8
prognosesenterets,ifølgje,0.75
fødes,barn,0.5121951219512195
siktes,sikta,0.7222222222222222
skildres,skildra,0.625
fiskernes,fiskarane,0.9090909090909091
østlandets,blad,0.8181818181818182
gjenopprettes,igjen,0.7692307692307693
misforstås,misforståast,0.8571428571428571
distriktenes,distrikta,0.75
valgets,valet,0.8076923076923077
aktivistenes,aktivistane,1.0
sjekkes,sjekkast,0.5818181818181818
kjentes,kjendest,0.7333333333333333
gjenopptas,opp,0.9384615384615385
konstitueres,konstituert,0.8636363636363636
valgkomiteens,valkomiteen,0.7894736842105263
samles,samlast,0.7326388888888888
poengteres,poengtert,1.0
jødenes,jødane,0.8
kjennes,kjennest,0.6526315789473685
nødetatenes,nødetatane,0.8
glemmes,gløymast,0.6923076923076923
mesterskapets,meisterskapen,0.5714285714285714
forsikringsselskapenes,forsikringsselskapa,0.6
målrettes,målrettast,0.6363636363636364
partiledelsens,partileiinga,1.0
feires,feira,0.5178571428571429
tjenes,tente,0.75
føles,kjennest,0.867741935483871
testes,testast,0.6480446927374302
høyres,høgres,0.6779107725788901
henrettes,avrettast,0.8
egeninnsats,eigeninnsats,1.0
saltes,salta,0.75
grøntprodusentenes,samarbeidsråd,1.0
institutts,meteorologisk,1.0
elfenbenskystens,elfenbeinskystens,0.8333333333333334
nyfødtes,nyfødde,1.0
vedlikeholdsstans,vedlikehaldsstans,0.75
dateres,kan,0.625
sløyfes,sløyfast,1.0
organiseres,organiserast,0.6774193548387096
flammenes,flammane,0.5714285714285714
homofiles,rettar,0.7777777777777778
forvaltningens,forvaltninga,1.0
næringens,næringa,0.967741935483871
e-tjenestens,e-tenestas,0.6666666666666666
tvangsutsendes,tvangsutsendast,0.75
høyhus,høghus,1.0
overvinnes,overvinnast,0.75
vinnes,vinnast,0.7647058823529411
bergmans,ingmar,1.0
månedsbasis,månadsbasis,1.0
dyrenes,dyra,0.6818181818181818
avklares,avklarast,0.8113207547169812
rustes,opp,0.7857142857142857
fins,finst,0.9241379310344827
dagligdags,daglegdags,1.0
forbunds,human-etisk,1.0
rives,rivast,0.6470588235294118
etterkommes,etterkommast,1.0
jeg,eg,1
også,òg,1
hun,ho,1
ham,han,1
ikke,ikkje,1
de,dei,1
dere,dykk,1
fra,frå,1
da,då,1
en,ein,1
et,eit,1
hvor,kor,1
noen,nokon,1
man,ein,1
dem,dei,1
kommer,kjem,1
ble,vart,1
sendes,sendast,1
hvorav,kor,1
